OID_;Description;plot_id;PERIOD;radius;Radie_utsok;datum;east;north;Huggningsklass;Agoslag;Agoslag_utsok;Biomass_above;Biomass_below;Basal_area;Basal_Area_Pine;Basal_Area_Spruce;Basal_Area_Contorta;Volume;Volume_Pine;Volume_Spruce;Volume_Contorta;Dgv;Hgv;Mean_Age_basal_area_weighted;Ruta;Block;Skanndatum;leaveson;scanner_type;Region;N;E;id;antalTillvAr;species_type 
14900;2.02E+11;201920834150;0;7;7;2019-08-14 00:00;730951;7235499;21;1;1;0;0;0;0;0;0;0;0.95;0.15;0;0;0;7;72350_7300_25;19G026;2019-08-27 00:00;1;0;0;7235000;730000;19G026_72350_7300_25;0;97
14901;2.02E+11;202126581060;0;10;10;2021-09-11 00:00;746510;7232341;23;1;1;8.907790517;1.04786245;3.917483535;3.58;0.326;0;21.17558503;8.384;0.87;0;8.98;8.04;19.8;72300_7450_25;19G026;2019-08-27 00:00;1;0;0;7230000;745000;19G026_72300_7450_25;-2;87
14902;2.02E+11;202126582060;0;10;10;2021-09-11 00:00;747125;7231756;11;1;1;0;0;0;0;0;0;0;0;0;0;0;0;0;72300_7450_25;19G026;2019-08-27 00:00;1;0;0;7230000;745000;19G026_72300_7450_25;-2;63
14903;2.02E+11;202126582120;0;10;10;2021-09-11 00:00;747139;7231169;42;1;1;60.77895634;17.33153784;12.9137226;1.588;2.536;0;73.75928484;11.218;12.742;0;17.86;12.34;89.7;72300_7450_25;19G026;2019-08-27 00:00;1;0;0;7230000;745000;19G026_72300_7450_25;-2;82
14904;2.02E+11;202126583120;0;10;10;2021-09-11 00:00;745950;7231115;41;1;1;58.34674488;20.49432624;17.38580397;16.36;1.012;0;125.0374506;120.5;4.222;0;18.94;14.42;82.6;72300_7450_25;19G026;2019-08-27 00:00;1;0;0;7230000;745000;19G026_72300_7450_25;-2;100
14905;2.02E+11;201826591120;0;10;10;2018-09-12 00:00;749146;7242394;41;1;1;82.34808467;26.8015487;18.8195253;17.1;1.718;0;181.2534759;164.92;15.808;0;25.62;20.4;93.1;72400_7475_25;19G026;2019-08-27 00:00;1;0;0;7240000;747500;19G026_72400_7475_25;1;100
14906;2.02E+11;201826592060;0;10;10;2018-09-12 00:00;749185;7241796;11;1;1;0.07;0.02;0;0;0;0;0.098;0.088;0.01;0;0;0;0;72400_7475_25;19G026;2019-08-27 00:00;1;0;0;7240000;747500;19G026_72400_7475_25;1;72
14907;2.02E+11;201926581060;0;10;10;2019-07-11 00:00;756625;7227508;41;1;1;31.50154385;10.88022063;8.077958464;6.46;1.37;0;51.68650066;44.7;6.51;0;20.6;12.9;103.4;72275_7550_25;19G026;2019-08-27 00:00;1;0;0;7227500;755000;19G026_72275_7550_25;0;99
14908;2.02E+11;201926582060;0;10;10;2019-07-11 00:00;757205;7226865;21;1;1;0.553389271;0.130375698;0.125063401;0;0;0;0.595232966;0.31;0.27;0;1;1.8;0;72250_7550_25;19G026;2019-08-27 00:00;1;0;0;7225000;755000;19G026_72250_7550_25;0;85
14909;2.02E+11;201926582120;0;10;10;2019-07-11 00:00;757184;7226286;41;1;1;67.58200797;22.79088997;17.21979835;10.73;2.86;0;108.5715875;71.3;17.31;0;19.4;13;78;72250_7550_25;19G026;2019-08-27 00:00;1;0;0;7225000;755000;19G026_72250_7550_25;0;95
14910;2.02E+11;201926583120;0;10;10;2019-07-11 00:00;756016;7226326;41;1;1;99.45289913;34.45134968;28.62733241;21.32;7.19;0;201.1676227;167.71;31.68;0;19.3;14.1;89.1;72250_7550_25;19G026;2019-08-27 00:00;1;0;0;7225000;755000;19G026_72250_7550_25;0;96
14911;2.02E+11;201926584120;0;10;10;2019-07-11 00:00;756022;7227504;31;1;1;23.21466592;10.55760104;10.30189099;2.75;0.79;0;33.41731133;11.04;5.04;0;5.8;5.9;26.7;72275_7550_25;19G026;2019-08-27 00:00;1;0;0;7227500;755000;19G026_72275_7550_25;0;68
14912;2.02E+11;201926591060;0;10;10;2019-08-24 00:00;768707;7232627;11;1;1;0;0;0;0;0;0;0;0;0;0;0;0;0;72325_7675_25;19G026;2019-08-27 00:00;1;0;0;7232500;767500;19G026_72325_7675_25;0;63
14913;2.02E+11;201926592060;0;10;10;2019-08-24 00:00;769312;7232039;22;1;1;5.735910339;2.195703148;1.815358971;1.25;0.29;0;5.698753796;4.11;0.99;0;6.9;5.3;15.5;72300_7675_25;19G026;2019-08-27 00:00;1;0;0;7230000;767500;19G026_72300_7675_25;0;72
14914;2.02E+11;201926593120;0;10;10;2019-08-24 00:00;768127;7231439;22;1;1;10.58520077;6.577100316;3.596693417;0.16;0.8;0;10.80467042;0.44;2.32;0;2.4;3.2;18.8;72300_7675_25;19G026;2019-08-27 00:00;1;0;0;7230000;767500;19G026_72300_7675_25;0;82
14915;2.02E+11;201720281150;0;7;7;2017-07-27 00:00;783526;7229861;22;1;1;8.342959979;2.438338717;3.359446735;4.218;0.068;0;11.16402894;11.856;0.19;0;3.14;2.66;26.2;72275_7825_25;18H001;2018-07-11 00:00;1;0;0;7227500;782500;18H001_72275_7825_25;1;88
14916;2.02E+11;201720282050;0;7;7;2017-07-27 00:00;783526;7229361;21;1;1;3.607108787;1.233947808;0.832269926;0;0.01;0;5.172981581;0.478;0.302;0;11.74;10.4;0;72275_7825_25;18H001;2018-07-11 00:00;1;0;0;7227500;782500;18H001_72275_7825_25;1;88
14917;2.02E+11;201720282100;0;7;7;2017-07-27 00:00;783526;7228861;42;1;1;83.90183321;28.55009718;16.69703243;4.668;11.82;0;166.7100224;48.03;116.512;0;28.98;21.5;158.5;72275_7825_25;18H001;2018-07-11 00:00;1;0;0;7227500;782500;18H001_72275_7825_25;1;90
14918;2.02E+11;201720282150;0;7;7;2017-07-27 00:00;783526;7228361;31;1;1;46.8554988;18.86643536;20.41365055;9.316;0.482;0;72.20527307;37.468;1.446;0;6.64;6.36;32;72275_7825_25;18H001;2018-07-11 00:00;1;0;0;7227500;782500;18H001_72275_7825_25;1;41
14919;2.02E+11;201720283050;0;7;7;2017-07-27 00:00;783026;7228361;23;1;1;29.37510504;9.221517333;12.26634166;10.094;3.162;0;44.07407028;36.788;11.944;0;7.56;5.4;32;72275_7825_25;18H001;2018-07-11 00:00;1;0;0;7227500;782500;18H001_72275_7825_25;1;96
14920;2.02E+11;201720283150;0;7;7;2017-07-27 00:00;782026;7228361;31;1;1;94.24459698;29.61365582;29.33787838;18.01;11.332;0;176.9839002;112.424;66.856;0;12.74;11.58;42;72275_7800_25;18H001;2018-07-11 00:00;1;0;0;7227500;780000;18H001_72275_7800_25;1;93
14921;2.02E+11;201720284100;0;7;7;2017-07-27 00:00;782026;7229361;11;1;1;0.238;0.094;0.0057;0;0.006;0;0.3;0.154;0.096;0;0.38;0.1;0;72275_7800_25;18H001;2018-07-11 00:00;1;0;0;7227500;780000;18H001_72275_7800_25;1;83
14922;2.02E+11;201720284150;0;7;7;2017-07-27 00:00;782026;7229861;41;1;1;118.4177931;42.04977106;32.54382347;21.434;1.814;0;224.427841;173.618;5.298;0;19.86;14.28;119.9;72275_7800_25;18H001;2018-07-11 00:00;1;0;0;7227500;780000;18H001_72275_7800_25;1;81
14923;2.02E+11;201820852050;0;7;7;2018-09-06 00:00;786891;7238714;23;1;1;7.916949075;2.324480738;4.063741519;6.61;0.06;0;12.29800143;19.52;0.15;0;7;4.5;24.2;72375_7850_25;18H001;2018-07-11 00:00;1;0;0;7237500;785000;18H001_72375_7850_25;0;82
14924;2.02E+11;201820852100;0;7;7;2018-09-06 00:00;786939;7238216;41;1;1;57.44265836;19.31454799;18.15037403;17.02;1.15;0;103.1617129;101.17;3.05;0;15.1;11;85.8;72375_7850_25;18H001;2018-07-11 00:00;1;0;0;7237500;785000;18H001_72375_7850_25;0;96
14925;2.02E+11;201820853100;0;7;7;2018-09-06 00:00;785991;7237621;23;1;1;3.350242355;0.946764823;1.627484362;5.01;0.07;0;5.520523516;15.04;0.19;0;5.7;4.9;24.6;72375_7850_25;18H001;2018-07-11 00:00;1;0;0;7237500;785000;18H001_72375_7850_25;0;88
14926;2.02E+11;201820854050;0;7;7;2018-09-06 00:00;785945;7238124;22;1;1;10.97580511;4.261759;3.89280637;1.84;0.02;0;9.16514012;6.12;0.06;0;3.8;3.4;15.3;72375_7850_25;18H001;2018-07-11 00:00;1;0;0;7237500;785000;18H001_72375_7850_25;0;83
14927;2.02E+11;201820854100;0;7;7;2018-09-06 00:00;785898;7238623;41;1;1;128.540853;42.2285519;35.54877792;26.02;8.77;0;283.6728213;218.01;63.32;0;16.8;16;94.5;72375_7850_25;18H001;2018-07-11 00:00;1;0;0;7237500;785000;18H001_72375_7850_25;0;94
14928;2.02E+11;201926602120;0;10;10;2019-07-09 00:00;782051.195;7236610.86;42;1;1;65.34210152;21.69268486;13.81513004;4.744;0;0;99.992329;38.766;0;0;24.82;15.8;71.9;72350_7800_25;18H001;2018-07-11 00:00;1;0;0;7235000;780000;18H001_72350_7800_25;-1;71
14929;2.02E+11;201926604060;0;10;10;2019-07-09 00:00;780844.89;7237162.731;33;1;1;169.5014546;54.99864408;36.77294579;8.71;10.158;0;331.1311914;79.766;96.112;0;21.66;19.3;63;72350_7800_25;18H001;2018-07-11 00:00;1;0;0;7235000;780000;18H001_72350_7800_25;-1;50
14930;2.02E+11;201926604120;0;10;10;2019-07-09 00:00;780841.125;7237745.398;33;1;1;127.3048859;39.47936092;31.21843898;7.936;6.908;0;219.853942;65.468;50.352;0;17.14;14.76;76.4;72375_7800_25;18H001;2018-07-11 00:00;1;0;0;7237500;780000;18H001_72375_7800_25;-1;76
14931;2.02E+11;202126591120;0;10;10;2021-06-04 00:00;772012;7242663;23;1;1;0;0;0;1.336;0.044;0;0;2.81;0.104;0;3.12;3.72;22.7;72425_7700_25;19G026;2019-08-27 00:00;1;0;0;7242500;770000;19G026_72425_7700_25;-2;82
14932;2.02E+11;202126592060;0;10;10;2021-06-04 00:00;771992;7242077;31;1;1;63.31607955;19.56753553;22.92948646;4.558;11.066;0;98.92933774;22.32;48.508;0;8.12;8.04;54.3;72400_7700_25;19G026;2019-08-27 00:00;1;0;0;7240000;770000;19G026_72400_7700_25;-2;67
14933;2.02E+11;202126592120;0;10;10;2021-06-04 00:00;772020;7241505;31;1;1;67.13003877;23.58420768;23.48852292;22.996;0.254;0;144.0222365;146.27;1.126;0;14.3;12.32;49.8;72400_7700_25;19G026;2019-08-27 00:00;1;0;0;7240000;770000;19G026_72400_7700_25;-2;100
14934;2.02E+11;202126593060;0;10;10;2021-06-04 00:00;771429;7241458;41;1;1;50.46155549;15.40033116;12.7386625;1.682;8.02;0;70.9787261;9.796;48.124;0;14.76;11.46;80;72400_7700_25;19G026;2019-08-27 00:00;1;0;0;7240000;770000;19G026_72400_7700_25;-2;66
14935;2.02E+11;202126593120;0;10;10;2021-06-04 00:00;770856;7241456;32;1;1;43.56497075;14.97570241;13.67000064;9.976;3.258;0;77.09551414;57.462;19.984;0;14.06;11.28;49.4;72400_7700_25;19G026;2019-08-27 00:00;1;0;0;7240000;770000;19G026_72400_7700_25;-2;97
14936;2.02E+11;202126594060;0;10;10;2021-06-04 00:00;770833;7242049;42;1;1;156.5599248;50.86730178;36.89314575;8.664;16.602;0;303.9918212;83.132;130.478;0;19.86;17.1;102.5;72400_7700_25;19G026;2019-08-27 00:00;1;0;0;7240000;770000;19G026_72400_7700_25;-2;79
14937;2.02E+11;201726571120;0;10;10;2017-06-17 00:00;792091.738;7232934.079;23;1;1;23.95328498;6.983562878;11.99806209;11.034;0.034;0;38.57188333;32.75;0.104;0;5.78;4.58;23.1;72325_7900_25;18H001;2018-07-11 00:00;1;0;0;7232500;790000;18H001_72325_7900_25;1;88
14938;2.02E+11;201726572120;0;10;10;2017-06-17 00:00;792123.255;7231731.996;33;1;1;102.1396768;34.7757012;26.80587569;14.228;9.936;0;189.8845554;121.668;62.008;0;17.68;14.46;61.7;72300_7900_25;18H001;2018-07-11 00:00;1;0;0;7230000;790000;18H001_72300_7900_25;1;92
14939;2.02E+11;201726573120;0;10;10;2017-06-17 00:00;790948.01;7231725.933;42;1;1;145.8664537;50.60981506;34.07242216;7.304;25.506;0;251.3353922;56.338;188.61;0;19.9;15.1;124.9;72300_7900_25;18H001;2018-07-11 00:00;1;0;0;7230000;790000;18H001_72300_7900_25;1;98
14940;2.02E+11;201726574060;0;10;10;2017-06-17 00:00;790921;7232322;42;1;1;67.71048816;23.69661614;16.24950989;16.242;0.002;0;143.1062486;141.754;0.006;0;29.06;18.56;142.7;72300_7900_25;18H001;2018-07-11 00:00;1;0;0;7230000;790000;18H001_72300_7900_25;1;99
14941;2.02E+11;201726581060;0;10;10;2017-07-25 00:00;803665.944;7238048.835;42;1;1;109.1556221;36.54650442;26.17666443;13.158;9.384;0;218.1938709;118.398;74.732;0;20.82;17.1;125;72375_8025_25;18H001;2018-07-11 00:00;1;0;0;7237500;802500;18H001_72375_8025_25;1;98
14942;2.02E+11;201726581120;0;10;10;2017-07-25 00:00;804243.683;7238028.614;31;1;1;68.39534476;24.6951345;22.57177866;9.292;4.712;0;116.5302482;55.61;23.208;0;10.44;9.96;46.5;72375_8025_25;18H001;2018-07-11 00:00;1;0;0;7237500;802500;18H001_72375_8025_25;1;57
14943;2.02E+11;201726583060;0;10;10;2017-07-25 00:00;803652.241;7236892.352;31;1;1;72.76075991;22.93947716;23.97763351;20.642;2.832;0;132.7193998;122.332;10.194;0;12.34;10.46;40;72350_8025_25;18H001;2018-07-11 00:00;1;0;0;7235000;802500;18H001_72350_8025_25;1;96
14944;2.02E+11;201726584060;0;10;10;2017-07-25 00:00;803065.535;7237470.792;31;1;1;36.42098028;12.49672139;11.19679234;5.762;1.324;0;61.91348334;33.738;8.548;0;13.46;10.98;39.8;72350_8025_25;18H001;2018-07-11 00:00;1;0;0;7235000;802500;18H001_72350_8025_25;1;89
14945;2.02E+11;201820832100;0;7;7;2018-09-11 00:00;796280;7230460;11;1;1;0;0;0;0;0;0;0;0;0;0;0;0;0;72300_7950_25;18H001;2018-07-11 00:00;1;0;0;7230000;795000;18H001_72300_7950_25;0;75
14946;2.02E+11;201820833100;0;7;7;2018-09-11 00:00;795334;7229863;42;1;1;117.4633135;41.20984155;26.84567849;10.27;16.58;0;225.8661807;82.36;142.81;0;24.5;17.5;119.6;72275_7950_25;18H001;2018-07-11 00:00;1;0;0;7227500;795000;18H001_72275_7950_25;0;100
14947;2.02E+11;201820834100;0;7;7;2018-09-11 00:00;795240;7230863;23;1;1;84.84944402;29.33964986;22.57736913;0;9.43;0;105.1287791;0;36.56;0;12.7;9.2;36.2;72300_7950_25;18H001;2018-07-11 00:00;1;0;0;7230000;795000;18H001_72300_7950_25;0;46
14948;2.02E+11;201926611060;0;10;10;2019-08-12 00:00;793583.658;7242904.17;31;1;1;58.89753243;19.38180172;17.66963814;14.316;2.368;0;105.2751662;87.242;14.728;0;15.32;11.8;45;72425_7925_25;18H001;2018-07-11 00:00;1;0;0;7242500;792500;18H001_72425_7925_25;-1;94
14949;2.02E+11;201926612060;0;10;10;2019-08-12 00:00;794165.37;7242307.096;33;1;1;73.71905314;24.52708335;20.8159118;19.596;0.368;0;144.1553723;139.944;2.14;0;18.84;14.16;72.9;72400_7925_25;18H001;2018-07-11 00:00;1;0;0;7240000;792500;18H001_72400_7925_25;-1;94
14950;2.02E+11;202026621060;0;10;10;2020-05-31 00:00;801644.832;7228023.986;41;1;1;87.14912353;28.92575229;22.61788348;22.362;0;0;175.2265248;175.714;0;0;22.74;16.16;89;72275_8000_25;18H001;2018-07-11 00:00;1;0;0;7227500;800000;18H001_72275_8000_25;-2;100
14951;2.02E+11;202026621120;0;10;10;2020-05-31 00:00;802222.801;7227999.067;31;1;1;103.0401141;31.12856696;28.86660599;3.816;7.54;0;168.0804604;22.208;52.748;0;12.7;12.02;50.1;72275_8000_25;18H001;2018-07-11 00:00;1;0;0;7227500;800000;18H001_72275_8000_25;-2;59
14952;2.02E+11;202026622060;0;10;10;2020-05-31 00:00;802211.227;7227399.709;31;1;1;81.07646097;26.90450922;24.53124636;20.352;3.442;0;147.5247099;130.642;15.672;0;15.84;12.18;60.8;72250_8000_25;18H001;2018-07-11 00:00;1;0;0;7225000;800000;18H001_72250_8000_25;-2;97
14953;2.02E+11;202026622120;0;10;10;2020-05-31 00:00;802203.615;7226819.595;22;1;1;0;0;0;0;0;0;0;0.534;0.012;0;0;0;17.6;72250_8000_25;18H001;2018-07-11 00:00;1;0;0;7225000;800000;18H001_72250_8000_25;-2;72
14954;2.02E+11;202026624060;0;10;10;2020-05-31 00:00;800968;7227416;32;1;1;37.02647705;12.62625279;10.92021569;10.084;0.616;0;83.21534915;78.322;4.716;0;17.78;15.74;52.3;72250_8000_25;18H001;2018-07-11 00:00;1;0;0;7225000;800000;18H001_72250_8000_25;-2;98
14955;2.02E+11;201910511050;0;7;7;2019-06-16 00:00;642594;7244133;42;1;1;103.9708998;38.42115913;27.60508383;17.87;0.004;0;192.6180674;142.434;0.012;0;19.38;14.5;132.1;72425_6425_25;21G022;2021-07-27 00:00;1;0;0;7242500;642500;21G022_72425_6425_25;2;82
14956;2.02E+11;201910514150;0;7;7;2019-06-16 00:00;642094;7244122;23;1;1;52.83766658;23.09636039;19.60812507;2.494;0;0;78.06607325;11.84;0;0;7;7.82;25.8;72425_6400_25;21G022;2021-07-26 00:00;1;0;0;7242500;640000;21G022_72425_6400_25;2;24
14957;2.02E+11;201915311060;0;10;10;2019-06-16 00:00;641348;7246011;31;1;1;41.67430192;13.67119289;11.74426958;11.27;0;0;76.40962498;74.626;0;0;18.6;13.08;48.7;72450_6400_25;21G022;2021-07-26 00:00;1;0;0;7245000;640000;21G022_72450_6400_25;2;94
14958;2.02E+11;201915311120;0;10;10;2019-06-16 00:00;641932;7246003;41;1;1;66.37466546;23.71810935;18.15947017;14.06;4.084;0;115.596764;91.284;25.188;0;19.28;12.86;118.1;72450_6400_25;21G022;2021-07-26 00:00;1;0;0;7245000;640000;21G022_72450_6400_25;2;96
14959;2.02E+11;201915313060;0;10;10;2019-06-16 00:00;641359;7244799;23;1;1;22.17007058;6.939559635;8.140206173;7.508;0;0;32.46025916;28.838;0;0;11.96;7.06;31.1;72425_6400_25;21G022;2021-07-26 00:00;1;0;0;7242500;640000;21G022_72425_6400_25;2;75
14960;2.02E+11;201915314120;0;10;10;2019-06-16 00:00;640749;7245977;31;1;1;70.85615711;23.09704541;24.63320815;22.396;0;0;133.8375776;127.448;0;0;12.42;10.34;36;72450_6400_25;21G022;2021-07-26 00:00;1;0;0;7245000;640000;21G022_72450_6400_25;2;88
14961;2.02E+11;202115341060;0;10;10;2021-08-12 00:00;628379;7260844;42;1;1;52.9296936;18.18782586;13.90825611;12.04;0;0;77.4414788;70.6;0;0;21.6;11.2;163.7;72600_6275_25;21G030;2021-07-27 00:00;1;0;0;7260000;627500;21G030_72600_6275_25;0;96
14962;2.02E+11;202115341120;0;10;10;2021-08-12 00:00;628943;7260830;11;1;1;0;0;0;0;0;0;0;0;0;0;0;0;0;72600_6275_25;21G030;2021-07-27 00:00;1;0;0;7260000;627500;21G030_72600_6275_25;0;99
14963;2.02E+11;202115342060;0;10;10;2021-08-12 00:00;628960;7260230;23;1;1;31.78264498;10.39327644;10.06735593;4.1;4.07;0;42.66641185;16.22;15.91;0;11.1;7.8;34.4;72600_6275_25;21G030;2021-07-27 00:00;1;0;0;7260000;627500;21G030_72600_6275_25;0;79
14964;2.02E+11;202115344060;0;10;10;2021-08-12 00:00;627770;7260250;23;1;1;1.117201454;0.487508283;0.573332493;4.15;1.25;0;1.357963823;16.58;4.5;0;5.3;4.6;27.4;72600_6275_25;21G030;2021-07-27 00:00;1;0;0;7260000;627500;21G030_72600_6275_25;0;94
14965;2.02E+11;202015252060;0;10;10;2020-08-10 00:00;656967;7245602;42;1;1;69.00183157;24.67208443;21.4313341;16.454;2.688;0;119.2342823;102.634;10.568;0;15.58;10.86;130.9;72450_6550_25;21G023;2021-07-28 00:00;1;0;0;7245000;655000;21G023_72450_6550_25;1;98
14966;2.02E+11;202015341120;0;10;10;2020-05-31 00:00;648985;7261082;41;1;1;211.5301702;73.51251945;43.18483941;0;43.182;0;355.4305605;0;356.274;0;24.42;17.62;114.6;72600_6475_25;21G030;2021-07-28 00:00;1;0;0;7260000;647500;21G030_72600_6475_25;1;92
14967;2.02E+11;202015344120;0;10;10;2020-05-31 00:00;647795;7261094;33;1;1;125.2075572;42.86647754;32.93658995;18.436;7.174;0;219.3587514;146.284;38.428;0;18.86;13.76;71.3;72600_6475_25;21G030;2021-07-28 00:00;1;0;0;7260000;647500;21G030_72600_6475_25;1;91
14968;2.02E+11;201715281060;0;10;10;2017-07-10 00:00;681398;7246510;31;1;1;53.18816003;18.3804145;13.10274617;8.112;4.058;0;93.37212621;60.2;28.432;0;21.3;14.86;70.8;72450_6800_25;21G024;2021-08-03 00:00;1;0;0;7245000;680000;21G024_72450_6800_25;4;96
14969;2.02E+11;201715283060;0;10;10;2017-07-10 00:00;681354;7245311;31;1;1;86.64663076;29.43911231;22.74239499;18.414;2.312;0;165.6166906;139.006;15.44;0;19.46;14.94;72.5;72450_6800_25;21G024;2021-08-03 00:00;1;0;0;7245000;680000;21G024_72450_6800_25;4;95
14970;2.02E+11;201715372120;0;10;10;2017-06-16 00:00;673917;7260232;22;1;1;1.253616023;0.516341916;0.559373832;0.408;0.016;0;1.800764641;1.442;0.054;0;3.18;2.42;22.2;72600_6725_25;21G030;2021-07-28 00:00;1;0;0;7260000;672500;21G030_72600_6725_25;4;91
14971;2.02E+11;201715373120;0;10;10;2017-06-16 00:00;672775;7260206;31;1;1;91.46580049;29.72273259;23.41889505;18.604;4.202;0;175.9217748;151.138;21.098;0;19.74;15.36;72.9;72600_6725_25;21G030;2021-07-28 00:00;1;0;0;7260000;672500;21G030_72600_6725_25;4;94
14972;2.02E+11;201715374060;0;10;10;2017-06-16 00:00;672759;7260810;32;1;1;12.44563551;4.387007107;3.561496311;2.846;0.676;0;21.72547722;19.95;1.778;0;20.36;12.32;70.3;72600_6725_25;21G030;2021-07-28 00:00;1;0;0;7260000;672500;21G030_72600_6725_25;4;97
14973;2.02E+11;201715374120;0;10;10;2017-06-16 00:00;672774;7261399;31;1;1;36.06095563;12.33341556;10.60651251;8.298;2.272;0;64.67883586;56.206;8.416;0;16.62;12.08;66.8;72600_6725_25;21G030;2021-07-28 00:00;1;0;0;7260000;672500;21G030_72600_6725_25;4;99
14974;2.02E+11;202115261060;0;10;10;2021-06-21 00:00;668544;7246421;23;1;1;41.29945378;13.849656;14.72401628;4.14;6.26;0;47.21115395;20.76;30.13;0;7.6;5.7;34.9;72450_6675_25;21G023;2021-08-03 00:00;1;0;0;7245000;667500;21G023_72450_6675_25;0;36
14975;2.02E+11;202115262120;0;10;10;2021-06-21 00:00;669157;7245244;33;1;1;55.18763018;18.78712108;14.88903019;12.88;2;0;100.7109036;92.76;8.65;0;20.3;13.8;76.8;72450_6675_25;21G023;2021-08-03 00:00;1;0;0;7245000;667500;21G023_72450_6675_25;0;99
14976;2.02E+11;202115263060;0;10;10;2021-06-21 00:00;668557;7245234;42;1;1;77.49601385;26.10557929;16.46226143;2.58;13.3;0;147.8408341;28.49;114.9;0;22.6;18.6;140.8;72450_6675_25;21G023;2021-08-03 00:00;1;0;0;7245000;667500;21G023_72450_6675_25;0;95
14977;2.02E+11;201815331060;0;10;10;2018-06-10 00:00;696353;7246682;32;1;1;40.27014063;13.25873406;12.40472932;11.74;0.656;0;72.83909099;71.182;1.968;0;16.54;11.5;49.6;72450_6950_25;21G024;2021-08-04 00:00;1;0;0;7245000;695000;21G024_72450_6950_25;3;99
14978;2.02E+11;201815331120;0;10;10;2018-06-10 00:00;696936;7246695;31;1;1;31.78086024;9.988599185;11.15716047;11.14;0;0;61.01869719;61.274;0;0;12.72;10.32;44;72450_6950_25;21G024;2021-08-04 00:00;1;0;0;7245000;695000;21G024_72450_6950_25;3;100
14979;2.02E+11;201815332120;0;10;10;2018-06-10 00:00;696949;7245521;42;1;1;41.38620458;17.16092773;13.5441317;6.544;0;0;64.49056863;39.23;0;0;13.86;9.54;99.6;72450_6950_25;21G024;2021-08-04 00:00;1;0;0;7245000;695000;21G024_72450_6950_25;3;59
14980;2.02E+11;201815421060;0;10;10;2018-08-02 00:00;688297;7261552;31;1;1;78.90278525;25.59995385;23.0939128;22.604;0.444;0;156.5871168;154.618;2.716;0;16.64;13.44;64;72600_6875_25;21G031;2021-07-14 00:00;1;1;0;7260000;687500;21G031_72600_6875_25;3;92
14981;2.02E+11;201815422060;0;10;10;2018-08-02 00:00;688978;7260988;31;1;1;4.265155926;1.464569576;1.316618927;1.314;0;0;6.798818644;6.798;0;0;22.96;10.12;44.8;72600_6875_25;21G031;2021-07-14 00:00;1;1;0;7260000;687500;21G031_72600_6875_25;3;100
14982;2.02E+11;201815423060;0;10;10;2018-08-02 00:00;688369;7260368;42;1;1;121.0865394;43.74629466;25.4853819;2.348;16.954;0;194.7948101;19.028;135.778;0;23.58;16.56;137.6;72600_6875_25;21G031;2021-07-14 00:00;1;1;0;7260000;687500;21G031_72600_6875_25;3;93
14983;2.02E+11;201815423120;0;10;10;2018-08-02 00:00;687791;7260308;23;1;1;24.01105461;7.377173819;10.09934587;11.77;0.654;0;39.15655342;45.312;2.224;0;9.72;5.86;31.6;72600_6875_25;21G031;2021-07-14 00:00;1;1;0;7260000;687500;21G031_72600_6875_25;3;92
14984;2.02E+11;201815424060;0;10;10;2018-08-02 00:00;687729;7260907;31;1;1;18.92802563;6.796862244;6.439011615;6.398;0.006;0;29.1722816;29.046;0.018;0;16.64;8.44;65.8;72600_6875_25;21G031;2021-07-14 00:00;1;1;0;7260000;687500;21G031_72600_6875_25;3;97
14985;2.02E+11;201815424120;0;10;10;2018-08-02 00:00;687690;7261492;31;1;1;8.904217848;3.181716402;2.802257812;1.366;1.402;0;11.94394442;6.888;4.974;0;13.74;8.06;57.7;72600_6875_25;21G031;2021-07-14 00:00;1;1;0;7260000;687500;21G031_72600_6875_25;3;81
14986;2.02E+11;201915323120;0;10;10;2019-07-07 00:00;707925;7245674;31;1;1;27.31355202;9.388999687;8.351964039;8.336;0.004;0;46.14351189;46.488;0.016;0;17.54;10.76;56.1;72450_7075_25;21G025;2021-07-15 00:00;1;1;0;7245000;707500;21G025_72450_7075_25;2;97
14987;2.02E+11;201915324060;0;10;10;2019-07-07 00:00;707914;7246278;31;1;1;48.73219924;16.06325778;15.46649289;15.418;0.008;0;93.54832325;94.386;0.02;0;15.2;11.82;61.1;72450_7075_25;21G025;2021-07-15 00:00;1;1;0;7245000;707500;21G025_72450_7075_25;2;100
14988;2.02E+11;201915391060;0;10;10;2019-09-09 00:00;701104;7261797;33;1;1;98.82152416;32.88211292;24.04361251;18.646;2.678;0;188.614608;152.208;21.68;0;24.28;16.46;64.5;72600_7000_25;21G031;2021-07-27 00:00;1;1;0;7260000;700000;21G031_72600_7000_25;2;92
14989;2.02E+11;201915391120;0;10;10;2019-09-09 00:00;701688;7261814;32;1;1;51.20941224;18.05583074;14.63281306;9.206;1.086;0;83.12665327;59.43;4.858;0;15.96;11.48;73.5;72600_7000_25;21G031;2021-07-27 00:00;1;1;0;7260000;700000;21G031_72600_7000_25;2;87
14990;2.02E+11;201915392060;0;10;10;2019-09-09 00:00;701723;7261210;32;1;1;66.45214823;22.29448643;16.92434607;11.542;4.964;0;119.5551182;82.078;35.54;0;20.36;14.38;73.5;72600_7000_25;21G031;2021-07-27 00:00;1;1;0;7260000;700000;21G031_72600_7000_25;2;99
14991;2.02E+11;201915393120;0;10;10;2019-09-09 00:00;700562;7260553;23;1;1;41.46186098;12.56776677;15.84889713;14.13;1.636;0;70.2448376;64.224;6.01;0;10.68;7.86;31.3;72600_7000_25;21G031;2021-07-27 00:00;1;1;0;7260000;700000;21G031_72600_7000_25;2;100
14992;2.02E+11;201915394060;0;10;10;2019-09-09 00:00;700518;7261171;33;1;1;97.37658202;35.80397;24.67275461;2.932;11.556;0;147.5288948;22.094;80.796;0;17.6;12.76;69.5;72600_7000_25;21G031;2021-07-27 00:00;1;1;0;7260000;700000;21G031_72600_7000_25;2;75
14993;2.02E+11;201915394120;0;10;10;2019-09-09 00:00;700501;7261757;32;1;1;33.18409807;11.59353726;10.10783188;4.606;3.418;0;51.36377545;28.808;13;0;13.36;9.94;64;72600_7000_25;21G031;2021-07-27 00:00;1;1;0;7260000;700000;21G031_72600_7000_25;2;98
14994;2.02E+11;201726533120;0;10;10;2017-06-20 00:00;727927;7245878;31;1;1;70.67507778;23.98794088;20.65419875;18.308;1.44;0;140.2952738;129.04;7.448;0;18.52;13.68;76.6;72450_7275_25;19G026;2019-08-27 00:00;1;0;0;7245000;727500;19G026_72450_7275_25;2;95
14995;2.02E+11;201726534120;0;10;10;2017-06-20 00:00;727959;7247085;42;1;1;51.59463096;18.09018511;13.10613207;13.1;0.004;0;102.4144726;102.4;0.008;0;24.18;16.22;142.6;72450_7275_25;19G026;2019-08-27 00:00;1;0;0;7245000;727500;19G026_72450_7275_25;2;100
14996;2.02E+11;201820861050;0;7;7;2018-08-01 00:00;727399;7262116;31;1;1;98.34113765;32.39542888;31.73006083;31.73;0;0;205.1181358;208.59;0;0;15.2;12.9;57.3;72600_7250_25;18G002;2018-07-16 00:00;1;0;0;7260000;725000;18G002_72600_7250_25;0;93
14997;2.02E+11;201820861100;0;7;7;2018-08-01 00:00;727900;7262159;33;1;1;79.70509266;26.52477398;22.62665953;15.32;4.29;0;149.7882432;109.67;23.84;0;16;13.5;63.2;72600_7275_25;18G002;2018-07-16 00:00;1;0;0;7260000;727500;18G002_72600_7275_25;0;91
14998;2.02E+11;201820862050;0;7;7;2018-08-01 00:00;727942;7261659;33;1;1;107.9622547;35.82588666;29.12647775;27.21;1.41;0;208.8658845;201.64;8.04;0;19.8;14.7;60.9;72600_7275_25;18G002;2018-07-16 00:00;1;0;0;7260000;727500;18G002_72600_7275_25;0;73
14999;2.02E+11;201820864050;0;7;7;2018-08-01 00:00;726979;7261080;33;1;1;61.54901066;21.34417195;17.76152399;15.3;2.46;0;114.1619209;105.72;9.14;0;18.6;12.9;89.9;72600_7250_25;18G002;2018-07-16 00:00;1;0;0;7260000;725000;18G002_72600_7250_25;0;94
15000;2.02E+11;201820864150;0;7;7;2018-08-01 00:00;726903;7262075;41;1;1;54.29627163;19.36012331;15.7155879;11.67;0.96;0;97.0117171;77.51;2.95;0;17.1;12.5;111.4;72600_7250_25;18G002;2018-07-16 00:00;1;0;0;7260000;725000;18G002_72600_7250_25;0;97
15001;2.02E+11;201915321060;0;10;10;2019-07-07 00:00;708499;7246871;31;1;1;32.50052476;11.19811891;9.58974087;6.398;2.732;0;54.90912411;42.358;10.572;0;15.3;11.22;94.5;72450_7075_25;21G025;2021-07-15 00:00;1;1;0;7245000;707500;21G025_72450_7075_25;2;74
15002;2.02E+11;201915321120;0;10;10;2019-07-07 00:00;709077;7246839;32;1;1;41.76504191;14.1346135;11.84035424;10.776;1.034;0;76.58392541;74.286;2.77;0;18.08;12.94;67.7;72450_7075_25;21G025;2021-07-15 00:00;1;1;0;7245000;707500;21G025_72450_7075_25;2;98
15003;2.02E+11;201915322120;0;10;10;2019-07-07 00:00;709108;7245691;31;1;1;71.43017704;23.65867039;22.20152334;22.174;0.004;0;138.2748915;139.598;0.012;0;15.66;12.26;63;72450_7075_25;21G025;2021-07-15 00:00;1;1;0;7245000;707500;21G025_72450_7075_25;2;100
15004;2.02E+11;201915323060;0;10;10;2019-07-07 00:00;708505;7245675;31;1;1;29.73559918;10.01058126;9.90415071;9.876;0.004;0;51.4461736;51.558;0.012;0;14.96;9.86;55;72450_7075_25;21G025;2021-07-15 00:00;1;1;0;7245000;707500;21G025_72450_7075_25;2;100
15005;2.02E+11;202015362060;0;10;10;2020-06-10 00:00;713933;7261296;22;1;1;1.879767205;0.581573609;0.706285334;0.082;0.002;0;1.499819906;0.308;0.022;0;6.72;2.14;18.5;72600_7125_25;21G031;2021-07-14 00:00;1;1;0;7260000;712500;21G031_72600_7125_25;1;99
15006;2.02E+11;201720261050;0;7;7;2017-06-01 00:00;732366;7264226;31;1;1;18.44961773;6.318809906;5.599612053;5.582;0.004;0;28.89293274;29.084;0.012;0;18.32;10;57;72625_7300_25;18G002;2018-07-16 00:00;1;0;0;7262500;730000;18G002_72625_7300_25;1;100
15007;2.02E+11;201720261100;0;7;7;2017-06-01 00:00;732866;7264226;42;1;1;100.3562228;34.39656749;27.01732856;5.66;17.548;0;136.4684533;36.48;83.56;0;13.78;9.76;111.4;72625_7325_25;18G002;2018-07-16 00:00;1;0;0;7262500;732500;18G002_72625_7325_25;1;97
15008;2.02E+11;201720261150;0;7;7;2017-06-01 00:00;733366;7264226;42;1;1;41.17252931;13.78449344;12.25422442;0;8.828;0;43.50612639;0;31.174;0;9.5;6.46;107.8;72625_7325_25;18G002;2018-07-16 00:00;1;0;0;7262500;732500;18G002_72625_7325_25;1;99
15009;2.02E+11;201720262100;0;7;7;2017-06-01 00:00;733366;7263226;32;1;1;79.39817887;26.52843321;20.72818508;20.72;0.002;0;152.4702159;153.752;0.004;0;23.84;15.26;72.6;72625_7325_25;18G002;2018-07-16 00:00;1;0;0;7262500;732500;18G002_72625_7325_25;1;100
15010;2.02E+11;201720262150;0;7;7;2017-06-01 00:00;733366;7262726;31;1;1;48.52577037;16.03909166;15.24709242;13.5;1.736;0;80.33781408;75.532;5.716;0;17.02;10.28;50.8;72625_7325_25;18G002;2018-07-16 00:00;1;0;0;7262500;732500;18G002_72625_7325_25;1;94
15011;2.02E+11;201720263050;0;7;7;2017-06-01 00:00;732866;7262726;23;1;1;15.09437818;4.690505303;6.634519937;8.908;0.046;0;23.19941306;33.178;0.154;0;9.2;5.16;33.4;72625_7325_25;18G002;2018-07-16 00:00;1;0;0;7262500;732500;18G002_72625_7325_25;1;100
15012;2.02E+11;201720263150;1;7;7;2017-06-01 00:00;731866;7262726;23;1;1;40.954;13.564;14.26356;11.056;0.288;0;56.514;39.258;0.628;0;14.4;8.2;33.4;72625_7300_25;18G002;2018-07-16 00:00;1;0;0;7262500;730000;18G002_72625_7300_25;1;77
15013;2.02E+11;201720271100;0;7;7;2017-06-03 00:00;748315;7255051;23;1;1;14.40966789;4.332594952;6.10324591;10.918;0.076;0;23.06938712;35.752;0.222;0;8.86;6.3;26;72550_7475_25;18G002;2018-07-16 00:00;1;0;0;7255000;747500;18G002_72550_7475_25;1;100
15014;2.02E+11;201720272050;0;7;7;2017-06-03 00:00;748815;7254551;23;1;1;20.34787598;8.274440534;7.59327575;1.384;1.978;0;22.38466877;4.22;5.73;0;7.8;4.44;33.8;72525_7475_25;18G002;2018-07-16 00:00;1;0;0;7252500;747500;18G002_72525_7475_25;1;75
15015;2.02E+11;201720272100;0;7;7;2017-06-03 00:00;748815;7254051;23;1;1;8.425522148;2.595704056;3.474834023;5.854;0;0;12.67743646;21.636;0;0;10.2;5.2;30.6;72525_7475_25;18G002;2018-07-16 00:00;1;0;0;7252500;747500;18G002_72525_7475_25;1;82
15016;2.02E+11;201720273050;0;7;7;2017-06-03 00:00;748315;7253551;31;1;1;27.74740578;8.850635222;9.847774488;9.864;0;0;43.90379678;44.102;0;0;13.4;8.06;38.1;72525_7475_25;18G002;2018-07-16 00:00;1;0;0;7252500;747500;18G002_72525_7475_25;1;93
15017;2.02E+11;201720273100;0;7;7;2017-06-03 00:00;747815;7253551;31;1;1;21.55142444;6.805058057;8.844224717;8.842;0;0;40.27394572;40.49;0;0;9.96;8.2;43.4;72525_7475_25;18G002;2018-07-16 00:00;1;0;0;7252500;747500;18G002_72525_7475_25;1;97
15018;2.02E+11;201720273150;0;7;7;2017-06-03 00:00;747315;7253551;31;1;1;34.06932025;11.04344369;10.90814181;10.89;0.004;0;67.00427887;68.254;0.012;0;14.7;12.1;52.1;72525_7450_25;18G002;2018-07-16 00:00;1;0;0;7252500;745000;18G002_72525_7450_25;1;98
15019;2.02E+11;201720274050;0;7;7;2017-06-03 00:00;747315;7254051;21;1;1;0.212;0.086;0.00396;0;0.004;0;0.282;0.39;0.214;0;0.34;0.16;0;72525_7450_25;18G002;2018-07-16 00:00;1;0;0;7252500;745000;18G002_72525_7450_25;1;98
15020;2.02E+11;201720274100;0;7;7;2017-06-03 00:00;747315;7254551;22;1;1;0.09;0.126;0.03722;0.024;0;0;0.174;0.398;0.01;0;0.36;0.34;0;72525_7450_25;18G002;2018-07-16 00:00;1;0;0;7252500;745000;18G002_72525_7450_25;1;83
15021;2.02E+11;201720274150;0;7;7;2017-06-03 00:00;747315;7255051;31;1;1;10.21620499;3.327640699;3.788313291;3.684;0;0;15.03656055;14.278;0;0;11.96;6.72;43.7;72550_7450_25;18G002;2018-07-16 00:00;1;0;0;7255000;745000;18G002_72550_7450_25;1;100
15022;2.02E+11;201726532060;0;10;10;2017-06-20 00:00;729113;7246492;31;1;1;82.40329962;29.12193522;24.87371505;15.888;5.684;0;145.9637199;108.952;26.534;0;14.8;11.5;53.2;72450_7275_25;19G026;2019-08-27 00:00;1;0;0;7245000;727500;19G026_72450_7275_25;2;77
15023;2.02E+11;201726533060;0;10;10;2017-06-20 00:00;728504;7245878;31;1;1;75.76630962;27.15371129;20.5976645;9.978;6.728;0;126.7850629;70.672;40.672;0;17.3;12.46;69.4;72450_7275_25;19G026;2019-08-27 00:00;1;0;0;7245000;727500;19G026_72450_7275_25;2;96
15024;2.02E+11;201726591120;0;10;10;2017-06-12 00:00;741768;7257256;31;1;1;34.9702521;11.22008791;11.78430346;11.31;0.44;0;65.17082113;64.612;1.384;0;13.66;10.64;43.6;72550_7400_25;18G002;2018-07-16 00:00;1;0;0;7255000;740000;18G002_72550_7400_25;1;100
15025;2.02E+11;201726592120;0;10;10;2017-06-12 00:00;741807.532;7256091.757;31;1;1;40.33810565;13.81631948;13.01665914;6.144;4.796;0;53.66768788;30.948;14.65;0;12.02;7.66;47.3;72550_7400_25;18G002;2018-07-16 00:00;1;0;0;7255000;740000;18G002_72550_7400_25;1;91
15026;2.02E+11;201726593060;0;10;10;2017-06-12 00:00;741206.217;7256053.341;23;1;1;23.18222221;9.588366072;9.276688783;2.39;0;0;29.32868434;8.228;0;0;8.52;5.9;36.5;72550_7400_25;18G002;2018-07-16 00:00;1;0;0;7255000;740000;18G002_72550_7400_25;1;100
15027;2.02E+11;201726593120;0;10;10;2017-06-12 00:00;740629;7256041;41;1;1;78.00420918;27.07951995;21.87790294;18.128;2.558;0;139.2164974;123.446;14.19;0;18.24;12.9;89.9;72550_7400_25;18G002;2018-07-16 00:00;1;0;0;7255000;740000;18G002_72550_7400_25;1;88
15028;2.02E+11;201726594060;0;10;10;2017-06-12 00:00;740597.645;7256639.93;31;1;1;27.88701446;9.276401749;9.721001026;9.478;0.004;0;48.70372875;48.136;0.012;0;13.08;9.32;50.2;72550_7400_25;18G002;2018-07-16 00:00;1;0;0;7255000;740000;18G002_72550_7400_25;1;86
15029;2.02E+11;201726594120;0;10;10;2017-06-12 00:00;740587.398;7257222.233;31;1;1;43.95093201;15.02245389;12.27943771;8.938;2.128;0;63.06584995;45.974;11.764;0;17.32;10.16;61.1;72550_7400_25;18G002;2018-07-16 00:00;1;0;0;7255000;740000;18G002_72550_7400_25;1;96
15030;2.02E+11;201820801100;0;7;7;2018-09-01 00:00;746031.476;7257979.314;22;1;1;0.971025907;0.448361644;0.490057428;0.15;0.97;0;1.309666511;0.43;2.7;0;4.9;5.1;20.7;72575_7450_25;18G002;2018-07-16 00:00;1;0;0;7257500;745000;18G002_72575_7450_25;0;51
15031;2.02E+11;201820804050;0;7;7;2018-09-01 00:00;745049.942;7256973.36;33;1;1;172.3184753;58.18814285;40.65008167;9.6;28.4;0;321.3319373;78.75;229.31;0;19.1;16.1;67.2;72550_7450_25;18G002;2018-07-16 00:00;1;0;0;7255000;745000;18G002_72550_7450_25;0;89
15032;2.02E+11;201820804150;0;7;7;2018-09-01 00:00;745034.456;7257969.069;21;1;1;0;0;0;0;0;0;0;0.07;0.22;0;0;0;0;72575_7450_25;18G002;2018-07-16 00:00;1;0;0;7257500;745000;18G002_72575_7450_25;0;100
15033;2.02E+11;201926631060;0;10;10;2019-07-01 00:00;731215.555;7257154.991;31;1;1;18.35080237;6.142886023;5.679883282;5.684;0;0;28.92733568;29.49;0;0;15.86;9.98;49.2;72550_7300_25;18G002;2018-07-16 00:00;1;0;0;7255000;730000;18G002_72550_7300_25;-1;100
15034;2.02E+11;201926631120;0;10;10;2019-07-01 00:00;731805.422;7257172.836;31;1;1;41.33039039;13.74287987;14.4918921;14.426;0;0;77.85089052;79.484;0;0;13.48;10.46;48.2;72550_7300_25;18G002;2018-07-16 00:00;1;0;0;7255000;730000;18G002_72550_7300_25;-1;100
15035;2.02E+11;201926632060;0;10;10;2019-07-01 00:00;731890.488;7256570.627;32;1;1;47.4341917;15.71466822;14.12848005;11.782;0.504;0;90.84541438;78.2;4.218;0;16.36;13.12;60;72550_7300_25;18G002;2018-07-16 00:00;1;0;0;7255000;730000;18G002_72550_7300_25;-1;82
15036;2.02E+11;201926632120;0;10;10;2019-07-01 00:00;731938;7255990;31;1;1;8.403245368;2.734509028;2.881831412;2.888;0;0;11.49829763;11.256;0;0;13.34;7.1;45.6;72550_7300_25;18G002;2018-07-16 00:00;1;0;0;7255000;730000;18G002_72550_7300_25;-1;100
15037;2.02E+11;201926633060;0;10;10;2019-07-01 00:00;731234.372;7255887.586;31;1;1;70.36326478;23.03889717;23.41792936;20.792;2.174;0;129.881227;124.346;6.338;0;13.82;10.82;55.6;72550_7300_25;18G002;2018-07-16 00:00;1;0;0;7255000;730000;18G002_72550_7300_25;-1;97
15038;2.02E+11;201926634120;0;10;10;2019-07-01 00:00;730606.682;7257114.564;32;1;1;64.01872953;21.36739208;18.56985626;18.144;0.408;0;133.3035243;133.2;2.412;0;18;14.62;66.3;72550_7300_25;18G002;2018-07-16 00:00;1;0;0;7255000;730000;18G002_72550_7300_25;-1;96
15039;2.02E+11;201726601060;0;10;10;2017-06-15 00:00;753320;7262394;31;1;1;30.68416059;10.13627152;10.23039348;7.264;2.948;0;44.3668103;31.236;12.878;0;12.68;7.94;40.3;72600_7525_25;18G001;2018-07-17 00:00;1;0;0;7260000;752500;18G001_72600_7525_25;1;91
15040;2.02E+11;201726602120;0;10;10;2017-06-15 00:00;753925.413;7261248.628;42;1;1;98.91265495;33.8267109;21.61677976;0;15.476;0;133.5741741;0;103.204;0;19.7;13.38;135.9;72600_7525_25;18G001;2018-07-17 00:00;1;0;0;7260000;752500;18G001_72600_7525_25;1;72
15041;2.02E+11;201726603060;0;10;10;2017-06-15 00:00;753322.151;7261202.426;42;1;1;94.53060656;31.68270605;23.85573274;8.794;3.556;0;152.3566781;69.896;22.702;0;17.54;13.5;113.2;72600_7525_25;18G001;2018-07-17 00:00;1;0;0;7260000;752500;18G001_72600_7525_25;1;65
15042;2.02E+11;201726604060;0;10;10;2017-06-15 00:00;752725.581;7261804.465;42;1;1;126.2546366;47.68128019;35.06693286;12.492;9.488;0;198.8159862;77.784;57.082;0;19.38;11.68;122.3;72600_7525_25;18G001;2018-07-17 00:00;1;0;0;7260000;752500;18G001_72600_7525_25;1;52
15043;2.02E+11;201826602060;0;10;10;2018-06-13 00:00;761928;7246969;31;1;1;40.96342711;13.90488688;11.77361838;1.896;9.596;0;47.45048169;7.224;39.268;0;12.44;7.38;51.4;72450_7600_25;19G026;2019-08-27 00:00;1;0;0;7245000;760000;19G026_72450_7600_25;1;100
15044;2.02E+11;201826602120;0;10;10;2018-06-13 00:00;761951;7246391;31;1;1;72.88574681;25.89725337;20.83529117;0.93;13.954;0;107.5161566;5.262;77.582;0;11.76;10.18;61.3;72450_7600_25;19G026;2019-08-27 00:00;1;0;0;7245000;760000;19G026_72450_7600_25;1;70
15045;2.02E+11;201826603060;0;10;10;2018-06-13 00:00;761354;7246351;31;1;1;52.57448787;19.74343003;17.54630456;0.852;1.108;7.594;71.60418715;4.222;4.658;38.262;12.64;7.74;40.3;72450_7600_25;19G026;2019-08-27 00:00;1;0;0;7245000;760000;19G026_72450_7600_25;1;76
15046;2.02E+11;201826604120;0;10;10;2018-06-13 00:00;760703;7247498;32;1;1;68.48635522;22.87101534;19.29811606;2.1;0.742;16.358;117.8609778;13.09;3.024;101.59;18.76;11.88;43.5;72450_7600_25;19G026;2019-08-27 00:00;1;0;0;7245000;760000;19G026_72450_7600_25;1;87
15047;2.02E+11;202026641060;0;10;10;2020-06-12 00:00;751161.629;7252369.878;31;1;1;47.21347297;15.69661557;13.38402071;13.094;0;0;83.06659061;82.69;0;0;18.76;12.48;68.3;72500_7500_25;18G001;2018-07-17 00:00;1;0;0;7250000;750000;18G001_72500_7500_25;-2;98
15048;2.02E+11;202026642060;0;10;10;2020-06-12 00:00;751864.118;7251811.694;32;1;1;43.65342265;16.3309632;13.24559072;10.194;1.186;0;77.77943728;67.16;4.854;0;14.64;11.58;63.3;72500_7500_25;18G001;2018-07-17 00:00;1;0;0;7250000;750000;18G001_72500_7500_25;-2;97
15049;2.02E+11;202026643120;0;10;10;2020-06-12 00:00;750712.937;7251159.114;31;1;1;41.45000505;14.61375669;12.80976368;11.416;0.216;0;82.75811902;78.648;1.052;0;15.58;13;69.9;72500_7500_25;18G001;2018-07-17 00:00;1;0;0;7250000;750000;18G001_72500_7500_25;-2;91
15050;2.02E+11;202026661060;0;10;10;2020-07-17 00:00;763352;7257499;23;1;1;47.42611534;13.74096457;20.41801061;0.838;0.572;0;56.17821963;3.664;2.076;0;5.98;5.66;37.5;72550_7625_25;18G001;2018-07-17 00:00;1;0;0;7255000;762500;18G001_72550_7625_25;-2;26
15051;2.02E+11;202026662060;0;10;10;2020-07-17 00:00;763989;7256955;31;1;1;30.42302547;10.14576091;8.590220818;8.278;0;0;39.21810848;38.186;0;0;18.48;8.82;39.1;72550_7625_25;18G001;2018-07-17 00:00;1;0;0;7255000;762500;18G001_72550_7625_25;-2;64
15052;2.02E+11;202026662120;0;10;10;2020-07-17 00:00;763991.738;7256375.251;23;1;1;0;0;0;13;0.12;0;0;38.896;0.332;0;5.26;3.24;24.9;72550_7625_25;18G001;2018-07-17 00:00;1;0;0;7255000;762500;18G001_72550_7625_25;-2;85
15053;2.02E+11;202026663120;0;10;10;2020-07-17 00:00;762811.34;7256318.176;23;1;1;0;0;0.169247323;6.784;0.618;0;0;19.938;1.854;0;6.5;6.22;27.6;72550_7625_25;18G001;2018-07-17 00:00;1;0;0;7255000;762500;18G001_72550_7625_25;-2;100
15054;2.02E+11;202026664120;0;10;10;2020-07-17 00:00;762753;7257494;31;1;1;31.19623557;9.774507998;11.40666812;9.294;1.7;0;47.86282804;42.236;5.006;0;10.4;7.76;38.9;72550_7625_25;18G001;2018-07-17 00:00;1;0;0;7255000;762500;18G001_72550_7625_25;-2;96
15055;2.02E+11;201820811100;0;7;7;2018-09-10 00:00;782017.943;7258445.528;41;1;1;70.32112503;23.97853823;16.09003392;0;5;0;110.3069389;0;23.9;0;18.7;14.6;76.3;72575_7800_25;18H002;2018-07-12 00:00;1;0;0;7257500;780000;18H002_72575_7800_25;0;90
15056;2.02E+11;201826631060;0;10;10;2018-09-07 00:00;773406.7;7252709.234;31;1;1;58.46057155;18.94249674;14.23344836;1.68;7.19;0;63.11052276;8.43;33.2;0;15.6;9.2;78.9;72525_7725_25;18G001;2018-07-17 00:00;1;0;0;7252500;772500;18G001_72525_7725_25;0;59
15057;2.02E+11;201826631120;0;10;10;2018-09-07 00:00;774001.71;7252709.657;41;1;1;82.37922846;27.75946512;20.47110204;13.17;5.53;0;162.0314585;110.24;40.51;0;21.9;16.4;97.6;72525_7725_25;18G001;2018-07-17 00:00;1;0;0;7252500;772500;18G001_72525_7725_25;0;94
15058;2.02E+11;201826634060;0;10;10;2018-09-07 00:00;772810.271;7252065.114;42;1;1;31.05507302;11.14763115;8.705529605;8.21;0.5;0;50.74501746;47.98;2.62;0;21.5;11.6;145.8;72500_7725_25;18G001;2018-07-17 00:00;1;0;0;7250000;772500;18G001_72500_7725_25;0;98
15059;2.02E+11;201826641060;0;10;10;2018-06-12 00:00;786198;7257925;42;1;1;62.52121796;20.61762069;21.23481432;18.59;2.25;0;105.8730314;99.74;5.97;0;12.7;9.3;111.4;72575_7850_25;18H002;2018-07-12 00:00;1;0;0;7257500;785000;18H002_72575_7850_25;0;97
15060;2.02E+11;201826641120;0;10;10;2018-06-12 00:00;786788.552;7257946.474;23;1;1;20.0261394;6.35908021;6.355551211;2.95;5.29;0;28.85896418;10.98;20.35;0;8.9;8;35.3;72575_7850_25;18H002;2018-07-12 00:00;1;0;0;7257500;785000;18H002_72575_7850_25;0;96
15061;2.02E+11;201826642060;0;10;10;2018-06-12 00:00;786819.126;7257334.897;42;1;1;98.19724161;34.07430476;26.99742106;19.6;7.36;0;191.4074107;144.34;46.67;0;19.4;14.2;133;72550_7850_25;18H002;2018-07-12 00:00;1;0;0;7255000;785000;18H002_72550_7850_25;0;99
15062;2.02E+11;201826642120;0;10;10;2018-06-12 00:00;786855;7256750;42;1;1;72.02243701;24.32552189;21.22147528;19.38;0.85;0;137.3943214;127.19;6.84;0;17.2;13;149.4;72550_7850_25;18H002;2018-07-12 00:00;1;0;0;7255000;785000;18H002_72550_7850_25;0;96
15063;2.02E+11;201826643060;0;10;10;2018-06-12 00:00;786248;7256678;42;1;1;133.4944517;44.53282556;31.77525056;29.76;2.02;0;307.7899759;286.33;17.67;0;27.9;20.4;160.2;72550_7850_25;18H002;2018-07-12 00:00;1;0;0;7255000;785000;18H002_72550_7850_25;0;98
15064;2.02E+11;201826643120;0;10;10;2018-06-12 00:00;785657;7256653;23;1;1;20.55028901;6.599351326;6.758759658;6.13;0.47;0;26.13948248;22.37;2.32;0;13.8;6.6;40.5;72550_7850_25;18H002;2018-07-12 00:00;1;0;0;7255000;785000;18H002_72550_7850_25;0;80
15065;2.02E+11;201826644120;0;10;10;2018-06-12 00:00;785597;7257878;42;1;1;156.1730168;53.44284447;33.48771357;13.98;18.22;0;315.1256506;136.11;168.05;0;29.9;20.2;160.4;72575_7850_25;18H002;2018-07-12 00:00;1;0;0;7257500;785000;18H002_72575_7850_25;0;94
15066;2.02E+11;202126602060;0;10;10;2021-09-12 00:00;784170.755;7247177.84;31;1;1;70.41107597;22.85968979;23.1964765;7.712;14.95;0;111.4397389;43.642;67.45;0;10.32;9.06;54.7;72450_7825_25;18H001;2018-07-11 00:00;1;0;0;7245000;782500;18H001_72450_7825_25;-3;94
15067;2.02E+11;201826682060;0;10;10;2018-06-11 00:00;798922.564;7262403.53;42;1;1;133.8915413;44.12334373;32.68410047;20.54;0.74;0;279.5792623;200.62;3.03;0;23.8;18.1;105.2;72600_7975_25;18H002;2018-07-12 00:00;1;0;0;7260000;797500;18H002_72600_7975_25;0;51
15068;2.02E+11;201826682120;0;10;10;2018-06-11 00:00;798924.436;7261817.727;42;1;1;97.68641975;32.44352131;23.63882425;19.05;0.83;0;200.522652;169.15;4.83;0;26.9;17.9;127;72600_7975_25;18H002;2018-07-12 00:00;1;0;0;7260000;797500;18H002_72600_7975_25;0;90
15069;2.02E+11;201826683060;0;10;10;2018-06-11 00:00;798322.384;7261782.377;31;1;1;42.76403216;13.11635042;10.01505154;0;0;0;56.64382411;0;0;0;14.5;12.3;31.8;72600_7975_25;18H002;2018-07-12 00:00;1;0;0;7260000;797500;18H002_72600_7975_25;0;90
15070;2.02E+11;201920723100;0;7;7;2019-08-26 00:00;799541.102;7257166.792;42;1;1;39.55055176;15.59356229;8.309508444;0;7.772;0;77.1680948;0;72.568;0;26.56;19.76;132.3;72550_7975_25;18H002;2018-07-12 00:00;1;0;0;7255000;797500;18H002_72550_7975_25;-1;96
15071;2.02E+11;202126661120;0;10;10;2021-06-05 00:00;796833.595;7252988.863;23;1;1;23.07277768;6.301262496;14.47445133;7.77;0.946;0;34.81822514;20.538;4.424;0;5.06;4.9;22;72525_7950_25;18H002;2018-07-12 00:00;1;0;0;7252500;795000;18H002_72525_7950_25;-3;90
15072;2.02E+11;202126662060;0;10;10;2021-06-05 00:00;796870.452;7252394.587;32;1;1;63.86208373;22.47855374;18.39836597;18.424;0;0;141.0725162;142.148;0;0;20.14;15.72;74.6;72500_7950_25;18H002;2018-07-12 00:00;1;0;0;7250000;795000;18H002_72500_7950_25;-3;96
15073;2.02E+11;202126662120;0;10;10;2021-06-05 00:00;796880.896;7251813.217;21;1;1;0;0;0;0;0.036;0;0;1.106;0.784;0;0;3.52;10.4;72500_7950_25;18H002;2018-07-12 00:00;1;0;0;7250000;795000;18H002_72500_7950_25;-3;72
15074;2.02E+11;202126663060;0;10;10;2021-06-05 00:00;796284;7251787;31;1;1;60.5612304;22.33831363;20.26815757;9.814;3.254;5.062;125.9473872;59.022;20.758;31.186;14.44;12.6;42.2;72500_7950_25;18H002;2018-07-12 00:00;1;0;0;7250000;795000;18H002_72500_7950_25;-3;100
15075;2.02E+11;202126672120;0;10;10;2021-09-14 00:00;808980;7256949;41;1;1;98.79456259;32.53831683;23.42426912;14.884;8.568;0;174.472659;109.846;65.642;0;22.82;15.5;112.4;72550_8075_25;18H002;2018-07-12 00:00;1;0;0;7255000;807500;18H002_72550_8075_25;-3;95
15076;2.02E+11;202126673120;0;10;10;2021-09-14 00:00;807799.886;7256908.226;32;1;1;32.93388814;11.47195691;9.282879968;9.282;0;0;58.38949134;60.196;0;0;18.36;13.06;46.8;72550_8075_25;18H002;2018-07-12 00:00;1;0;0;7255000;807500;18H002_72550_8075_25;-3;92
15077;2.02E+11;202126674060;0;10;10;2021-09-14 00:00;807756;7257512;21;1;1;0;0;0;0;0;0;0;0.082;0;0;0;0;0;72575_8075_25;18H002;2018-07-12 00:00;1;0;0;7257500;807500;18H002_72575_8075_25;-3;94
15078;2.02E+11;202126674120;0;10;10;2021-09-14 00:00;807732;7258096;21;1;1;0;0;0;0;0;0;0;0;0.044;0;0;0;0;72575_8075_25;18H002;2018-07-12 00:00;1;0;0;7257500;807500;18H002_72575_8075_25;-3;96
15079;2.02E+11;202015353060;0;10;10;2020-07-23 00:00;640982;7274765;33;1;1;85.51961759;29.41450838;21.60630143;13.224;8.368;0;141.4004191;90.268;52.372;0;20.58;13.46;72.9;72725_6400_25;21G030;2021-07-28 00:00;1;0;0;7272500;640000;21G030_72725_6400_25;1;86
15080;2.02E+11;201910461050;0;7;7;2019-09-18 00:00;664045;7269439;33;1;1;46.04375639;16.00727866;14.52898222;14.518;0;0;84.69383521;85.156;0.004;0;20.08;11.64;77.5;72675_6625_25;21G030;2021-07-28 00:00;1;0;0;7267500;662500;21G030_72675_6625_25;2;91
15081;2.02E+11;201910461100;0;7;7;2019-09-18 00:00;664544;7269467;33;1;1;54.60001474;18.66839872;15.8272822;15.212;0.61;0;99.04678791;98.978;1.466;0;18.56;12.58;75.6;72675_6625_25;21G030;2021-07-28 00:00;1;0;0;7267500;662500;21G030_72675_6625_25;2;90
15082;2.02E+11;201910462050;0;7;7;2019-09-18 00:00;664572;7268968;11;1;1;0.484;0.184;0.01412;0;0.016;0;0.604;0.312;0.192;0;0.76;0.2;0;72675_6625_25;21G030;2021-07-28 00:00;1;0;0;7267500;662500;21G030_72675_6625_25;2;98
15083;2.02E+11;201910462100;0;7;7;2019-09-18 00:00;664601;7268469;33;1;1;70.27554545;24.95063152;19.89501647;8.878;11.006;0;115.9026044;63.2;53.48;0;15.46;11.66;120.2;72675_6625_25;21G030;2021-07-28 00:00;1;0;0;7267500;662500;21G030_72675_6625_25;2;92
15084;2.02E+11;201910463100;0;7;7;2019-09-18 00:00;663630;7267914;33;1;1;36.83292491;13.27423202;10.73009561;10.712;0.004;0;66.99470915;67.176;0.008;0;18.92;12.44;87.5;72675_6625_25;21G030;2021-07-28 00:00;1;0;0;7267500;662500;21G030_72675_6625_25;2;96
15085;2.02E+11;201910464150;0;7;7;2019-09-18 00:00;663546;7269411;31;1;1;42.28736852;14.37407619;13.52440269;13.51;0.004;0;74.98076097;75.504;0.008;0;18.22;10.92;57.6;72675_6625_25;21G030;2021-07-28 00:00;1;0;0;7267500;662500;21G030_72675_6625_25;2;100
15086;2.02E+11;202115382120;0;10;10;2021-07-06 00:00;656684;7274995;11;1;1;0;0;0;0;0;0;0;0;0;0;0;0;0;72725_6550_25;21G030;2021-07-28 00:00;1;0;0;7272500;655000;21G030_72725_6550_25;0;96
15087;2.02E+11;202115383060;0;10;10;2021-07-06 00:00;656087;7274967;11;1;1;0;0;0;0;0;0;0;0;0;0;0;0;0;72725_6550_25;21G030;2021-07-28 00:00;1;0;0;7272500;655000;21G030_72725_6550_25;0;100
15088;2.02E+11;202115383120;0;10;10;2021-07-06 00:00;655514;7274968;32;1;1;47.84561249;15.86153644;11.86977219;6.41;5.46;0;81.03332896;48.01;33.95;0;20.1;14;67.9;72725_6550_25;21G030;2021-07-28 00:00;1;0;0;7272500;655000;21G030_72725_6550_25;0;94
15089;2.02E+11;201815401120;0;10;10;2018-06-24 00:00;681568;7276496;41;1;1;85.86000758;29.27762183;24.43510397;5.944;16.032;0;140.1517645;41.556;90.69;0;12.42;11.1;98.3;72750_6800_25;19G035;2019-07-29 00:00;1;0;0;7275000;680000;19G035_72750_6800_25;1;92
15090;2.02E+11;201815402060;0;10;10;2018-06-24 00:00;681589;7275892;31;1;1;33.20827659;11.53698702;10.95296481;2.08;5.994;0;38.45602013;9.296;19.56;0;9.34;6.26;45.4;72750_6800_25;19G035;2019-07-29 00:00;1;0;0;7275000;680000;19G035_72750_6800_25;1;93
15091;2.02E+11;201815402120;0;10;10;2018-06-24 00:00;681606;7275319;42;1;1;126.9033573;43.69150041;27.61189986;2.754;23.592;0;209.8413651;24.952;176.622;0;23.32;16.36;153.3;72750_6800_25;19G035;2019-07-29 00:00;1;0;0;7275000;680000;19G035_72750_6800_25;1;95
15092;2.02E+11;201815403060;0;10;10;2018-06-24 00:00;681005;7275287;42;1;1;83.84389778;31.32363022;23.66753002;11.022;9.498;0;153.3585827;86.416;53.18;0;21.72;13.1;130.5;72750_6800_25;19G035;2019-07-29 00:00;1;0;0;7275000;680000;19G035_72750_6800_25;1;93
15093;2.02E+11;201815404120;0;10;10;2018-06-24 00:00;680379;7276456;42;1;1;87.55457185;31.70936788;19.76285134;3.11;13.474;0;143.5530958;26.91;105.264;0;21.88;15.62;126.5;72750_6800_25;19G035;2019-07-29 00:00;1;0;0;7275000;680000;19G035_72750_6800_25;1;89
15094;2.02E+11;201810461050;0;7;7;2018-06-07 00:00;699531;7273868;31;1;1;31.03104162;10.66166951;9.42933025;6.73;2.662;0;49.0599082;39.03;10.234;0;16.84;10.22;56.9;72725_6975_25;21G031;2021-07-27 00:00;1;1;0;7272500;697500;21G031_72725_6975_25;3;91
15095;2.02E+11;201810462100;0;7;7;2018-06-07 00:00;700094;7272915;31;1;1;177.4641557;56.87704486;46.04929908;41.416;4.628;0;364.7708279;329.204;36.37;0;18.98;16.08;77.7;72725_7000_25;21G031;2021-07-27 00:00;1;1;0;7272500;700000;21G031_72725_7000_25;3;97
15096;2.02E+11;201810463050;0;7;7;2018-06-07 00:00;699631;7272386;31;1;1;26.44650447;9.729050176;9.633677866;6.398;0;0;48.4727687;35.362;0;0;9.56;9.6;58.2;72700_6975_25;21G031;2021-07-27 00:00;1;1;0;7270000;697500;21G031_72700_6975_25;3;95
15097;2.02E+11;201810463100;0;7;7;2018-06-07 00:00;699135;7272337;31;1;1;28.89929254;9.746575813;10.32716353;10.284;0.012;0;52.26584082;52.416;0.024;0;13.24;9.48;55.1;72700_6975_25;21G031;2021-07-27 00:00;1;1;0;7270000;697500;21G031_72700_6975_25;3;82
15098;2.02E+11;201810464050;0;7;7;2018-06-07 00:00;699101;7272836;31;1;1;24.67276902;8.434959928;9.308998745;8.8;0.508;0;39.13522314;37.68;1.312;0;12.28;7.52;57.7;72725_6975_25;21G031;2021-07-27 00:00;1;1;0;7272500;697500;21G031_72725_6975_25;3;93
